Workbook

Sheet Dashboard
A1: Insentif Periode 8
A2: NO | B2: Nama Sekolah | C2: Nama Guru | D2: Nomor Surat | E2: Bulan | F2: Tgl Periode | G2: Jml Hari | H2: Insentif
A3: 1 | B3: SMK Negeri 1 Banda Aceh | D3: 026 | E3: IV | F3: 13 April s.d 25 April 2026 | G3: 11 | H3: 60000 | J3: =G3*H3 -> 660000
A4: 2 | B4: MI Negeri 8 Banda Aceh | D4: 027 | E4: IV | F4: 13 April s.d 25 April 2026 | G4: 11 | H4: 60000 | J4: =G4*H4 -> 660000
A5: 3 | B5: SD it Quantum Banda Aceh | D5: 028 | E5: IV | F5: 13 April s.d 25 April 2026 | G5: 10 | H5: 30000 | J5: =G5*H5 -> 300000
A6: 4 | B6: TK Be A Star Islamic Banda Aceh | D6: 029 | E6: IV | F6: 13 April s.d 25 April 2026 | G6: 10 | H6: 20000 | J6: =G6*H6 -> 200000
A7: 5 | B7: TK My Dream School Banda Aceh | D7: 030 | E7: IV | F7: 13 April s.d 25 April 2026 | G7: 10 | H7: 20000 | J7: =G7*H7 -> 200000
A8: 6 | B8: SPS Aneuk Lon Gaseh Banda Aceh | D8: 031 | E8: IV | F8: 13 April s.d 25 April 2026 | G8: 10 | H8: 20000 | J8: =G8*H8 -> 200000
A9: 7 | B9: SPS Bohate Poma | D9: 032 | E9: IV | F9: 13 April s.d 25 April 2026 | G9: 10 | H9: 20000 | J9: =G9*H9 -> 200000
A10: 8 | B10: PAUD Permata Ummi | D10: 033 | E10: IV | F10: 13 April s.d 25 April 2026 | G10: 10 | H10: 20000 | J10: =G10*H10 -> 200000
A11: 9 | B11: SPS Saifa Bunda | D11: 034 | E11: IV | F11: 13 April s.d 25 April 2026 | G11: 10 | H11: 20000 | J11: =G11*H11 -> 200000
A12: 10 | B12: Posyandu Desa Lampeuot | D12: 035 | E12: IV | F12: 13 April s.d 25 April 2026 | G12: 11 | H12: 1000 | J12: =G12*H12*110 -> 1210000
A13: 11 | B13: Posyandu Desa Lam Ara | D13: 036 | E13: IV | F13: 13 April s.d 25 April 2026 | G13: 11 | H13: 1000 | J13: =G13*H13*187 -> 2057000
A14: 12 | B14: Posyandu Desa Geuceu Kaye Jato | D14: 037 | E14: IV | F14: 13 April s.d 25 April 2026 | G14: 11 | H14: 1000 | J14: =G14*H14*118 -> 1298000
A15: 13 | B15: Posyandu Desa Geuceu Komplek | D15: 038 | E15: IV | F15: 13 April s.d 25 April 2026 | G15: 11 | H15: 1000 | J15: =G15*H15*211 -> 2321000
J17: =SUM(J3:J15) -> 9706000
J22: =J17+[1]Daskboard!$J$10+[2]Daskboard!$J$10 -> 17876000

Sheet Sekolah
D2: SPPG Kota Banda Aceh Banda Raya Lam Ara
D3: Yayasan Teungku Chik Dibitai
D4: Jl. Wedana, Lr. Nekku, No. 21, Desa Lam Ara, Kec. Banda Raya, Kota Banda Aceh
B6: BUKTI PENERIMAAN INSENTIF GURU | K6: 1
B7: =VLOOKUP(K$6,Dashboard!A$2:H$15,4,0)&"/SPPG/INS/"& VLOOKUP(K6,Dashboard!A$2:H$15,5,TRUE)&"/2026" -> 026/SPPG/INS/IV/2026
B9: DATA PENERIMA
B10: Nama Guru | D10: :
B11: Nama Sekolah | D11: : | E11: =VLOOKUP(K$6,Dashboard!A2:H15,2, 0) -> SMK Negeri 1 Banda Aceh
B12: Periode | D12: : | E12: =VLOOKUP(K$6,Dashboard!A2:H15,6, 0) -> 13 April s.d 25 April 2026
B14: RINCIAN PENERIMAAN
B15: No | C15: Keterangan | F15: Jumlah Hari | G15: Insentif Per Hari (Rp) | H15: Total (Rp)
B16: 1 | C16: =Dashboard!A1 -> Insentif Periode 8 | F16: =VLOOKUP(K$6, Dashboard!A2:H15,7,FALSE) -> 11 | G16: =VLOOKUP(K$6,Dashboard!A2:H15,8,FALSE) -> 60000 | H16: =F16*G16 -> 660000
F18: Total yang Diterima | H18: =H16 -> 660000
B20: Mengetahui, | H20: Penerima
B24: Aulia Rahmad, S.E.
B25: Kepala SPPG
D28: =D2 -> SPPG Kota Banda Aceh Banda Raya Lam Ara
D29: =D3 -> Yayasan Teungku Chik Dibitai
D30: =D4 -> Jl. Wedana, Lr. Nekku, No. 21, Desa Lam Ara, Kec. Banda Raya, Kota Banda Aceh
B32: BUKTI PENERIMAAN INSENTIF GURU
B33: =VLOOKUP(K$6,Dashboard!A$2:H$15,4,0)&"/SPPG/INS/"& VLOOKUP(K6,Dashboard!A$2:H$15,5,TRUE)&"/2026" -> 026/SPPG/INS/IV/2026
B35: DATA PENERIMA
B36: Nama Guru | D36: :
B37: Nama Sekolah | D37: : | E37: =VLOOKUP(K$6,Dashboard!A2:H15,2, 0) -> SMK Negeri 1 Banda Aceh
B38: Periode | D38: : | E38: =VLOOKUP(K$6,Dashboard!A2:H15,6, 0) -> 13 April s.d 25 April 2026
B40: RINCIAN PENERIMAAN
B41: No | C41: Keterangan | F41: Jumlah Hari | G41: Insentif Per Hari (Rp) | H41: Total (Rp)
B42: 1 | C42: =Dashboard!A1 -> Insentif Periode 8 | F42: =VLOOKUP(K$6, Dashboard!A2:H15,7,FALSE) -> 11 | G42: =VLOOKUP(K$6,Dashboard!A2:H15,8,FALSE) -> 60000 | H42: =F42*G42 -> 660000
F44: Total yang Diterima | H44: =H42 -> 660000
B46: Mengetahui, | H46: Penerima
B50: Aulia Rahmad, S.E.
B51: Kepala SPPG

Sheet Sekolah (2)
D2: SPPG Kota Banda Aceh Banda Raya Lam Ara
D3: Yayasan Teungku Chik Dibitai
D4: Jl. Wedana, Lr. Nekku, No. 21, Desa Lam Ara, Kec. Banda Raya, Kota Banda Aceh
B6: BUKTI PENERIMAAN INSENTIF GURU | K6: 2
B7: =VLOOKUP(K$6,Dashboard!A$2:H$15,4,0)&"/SPPG/INS/"& VLOOKUP(K6,Dashboard!A$2:H$15,5,TRUE)&"/2026" -> 027/SPPG/INS/IV/2026
B9: DATA PENERIMA
B10: Nama Guru | D10: :
B11: Nama Sekolah | D11: : | E11: =VLOOKUP(K$6,Dashboard!A2:H15,2, 0) -> MI Negeri 8 Banda Aceh
B12: Periode | D12: : | E12: =VLOOKUP(K$6,Dashboard!A2:H15,6, 0) -> 13 April s.d 25 April 2026
B14: RINCIAN PENERIMAAN
B15: No | C15: Keterangan | F15: Jumlah Hari | G15: Insentif Per Hari (Rp) | H15: Total (Rp)
B16: 1 | C16: =Dashboard!A1 -> Insentif Periode 8 | F16: =VLOOKUP(K$6, Dashboard!A2:H15,7,FALSE) -> 11 | G16: =VLOOKUP(K$6,Dashboard!A2:H15,8,FALSE) -> 60000 | H16: =F16*G16 -> 660000
F18: Total yang Diterima | H18: =H16 -> 660000
B20: Mengetahui, | H20: Penerima
B24: Aulia Rahmad, S.E.
B25: Kepala SPPG
D28: SPPG Kota Banda Aceh Banda Raya Lam Ara
D29: Yayasan Teungku Chik Dibitai
D30: Jl. Wedana, Lr. Nekku, No. 21, Desa Lam Ara, Kec. Banda Raya, Kota Banda Aceh
B32: BUKTI PENERIMAAN INSENTIF GURU
B33: =VLOOKUP(K$6,Dashboard!A$2:H$15,4,0)&"/SPPG/INS/"& VLOOKUP(K6,Dashboard!A$2:H$15,5,TRUE)&"/2026" -> 027/SPPG/INS/IV/2026
B35: DATA PENERIMA
B36: Nama Guru | D36: :
B37: Nama Sekolah | D37: : | E37: =VLOOKUP(K$6,Dashboard!A2:H15,2, 0) -> MI Negeri 8 Banda Aceh
B38: Periode | D38: : | E38: =VLOOKUP(K$6,Dashboard!A2:H15,6, 0) -> 13 April s.d 25 April 2026
B40: RINCIAN PENERIMAAN
B41: No | C41: Keterangan | F41: Jumlah Hari | G41: Insentif Per Hari (Rp) | H41: Total (Rp)
B42: 1 | C42: =Dashboard!A1 -> Insentif Periode 8 | F42: =VLOOKUP(K$6, Dashboard!A2:H15,7,FALSE) -> 11 | G42: =VLOOKUP(K$6,Dashboard!A2:H15,8,FALSE) -> 60000 | H42: =F42*G42 -> 660000
F44: Total yang Diterima | H44: =H42 -> 660000
B46: Mengetahui, | H46: Penerima
B50: Aulia Rahmad, S.E.
B51: Kepala SPPG

Sheet Sekolah (3)
D2: SPPG Kota Banda Aceh Banda Raya Lam Ara
D3: Yayasan Teungku Chik Dibitai
D4: Jl. Wedana, Lr. Nekku, No. 21, Desa Lam Ara, Kec. Banda Raya, Kota Banda Aceh
B6: BUKTI PENERIMAAN INSENTIF GURU | K6: 3
B7: =VLOOKUP(K$6,Dashboard!A$2:H$15,4,0)&"/SPPG/INS/"& VLOOKUP(K6,Dashboard!A$2:H$15,5,TRUE)&"/2026" -> 028/SPPG/INS/IV/2026
B9: DATA PENERIMA
B10: Nama Guru | D10: :
B11: Nama Sekolah | D11: : | E11: =VLOOKUP(K$6,Dashboard!A2:H15,2, 0) -> SD it Quantum Banda Aceh
B12: Periode | D12: : | E12: =VLOOKUP(K$6,Dashboard!A2:H15,6, 0) -> 13 April s.d 25 April 2026
B14: RINCIAN PENERIMAAN
B15: No | C15: Keterangan | F15: Jumlah Hari | G15: Insentif Per Hari (Rp) | H15: Total (Rp)
B16: 1 | C16: =Dashboard!A1 -> Insentif Periode 8 | F16: =VLOOKUP(K$6, Dashboard!A2:H15,7,FALSE) -> 10 | G16: =VLOOKUP(K$6,Dashboard!A2:H15,8,FALSE) -> 30000 | H16: =F16*G16 -> 300000
F18: Total yang Diterima | H18: =H16 -> 300000
B20: Mengetahui, | H20: Penerima
B24: Aulia Rahmad, S.E.
B25: Kepala SPPG
D28: SPPG Kota Banda Aceh Banda Raya Lam Ara
D29: Yayasan Teungku Chik Dibitai
D30: Jl. Wedana, Lr. Nekku, No. 21, Desa Lam Ara, Kec. Banda Raya, Kota Banda Aceh
B32: BUKTI PENERIMAAN INSENTIF GURU
B33: =VLOOKUP(K$6,Dashboard!A$2:H$15,4,0)&"/SPPG/INS/"& VLOOKUP(K6,Dashboard!A$2:H$15,5,TRUE)&"/2026" -> 028/SPPG/INS/IV/2026
B35: DATA PENERIMA
B36: Nama Guru | D36: :
B37: Nama Sekolah | D37: : | E37: =VLOOKUP(K$6,Dashboard!A2:H15,2, 0) -> SD it Quantum Banda Aceh
B38: Periode | D38: : | E38: =VLOOKUP(K$6,Dashboard!A2:H15,6, 0) -> 13 April s.d 25 April 2026
B40: RINCIAN PENERIMAAN
B41: No | C41: Keterangan | F41: Jumlah Hari | G41: Insentif Per Hari (Rp) | H41: Total (Rp)
B42: 1 | C42: =Dashboard!A1 -> Insentif Periode 8 | F42: =VLOOKUP(K$6, Dashboard!A2:H15,7,FALSE) -> 10 | G42: =VLOOKUP(K$6,Dashboard!A2:H15,8,FALSE) -> 30000 | H42: =F42*G42 -> 300000
F44: Total yang Diterima | H44: =H42 -> 300000
B46: Mengetahui, | H46: Penerima
B50: Aulia Rahmad, S.E.
B51: Kepala SPPG

Sheet Sekolah (4)
D2: SPPG Kota Banda Aceh Banda Raya Lam Ara
D3: Yayasan Teungku Chik Dibitai
D4: Jl. Wedana, Lr. Nekku, No. 21, Desa Lam Ara, Kec. Banda Raya, Kota Banda Aceh
B6: BUKTI PENERIMAAN INSENTIF GURU | K6: 4
B7: =VLOOKUP(K$6,Dashboard!A$2:H$15,4,0)&"/SPPG/INS/"& VLOOKUP(K6,Dashboard!A$2:H$15,5,TRUE)&"/2026" -> 029/SPPG/INS/IV/2026
B9: DATA PENERIMA
B10: Nama Guru | D10: :
B11: Nama Sekolah | D11: : | E11: =VLOOKUP(K$6,Dashboard!A2:H15,2, 0) -> TK Be A Star Islamic Banda Aceh
B12: Periode | D12: : | E12: =VLOOKUP(K$6,Dashboard!A2:H15,6, 0) -> 13 April s.d 25 April 2026
B14: RINCIAN PENERIMAAN
B15: No | C15: Keterangan | F15: Jumlah Hari | G15: Insentif Per Hari (Rp) | H15: Total (Rp)
B16: 1 | C16: =Dashboard!A1 -> Insentif Periode 8 | F16: =VLOOKUP(K$6, Dashboard!A2:H15,7,FALSE) -> 10 | G16: =VLOOKUP(K$6,Dashboard!A2:H15,8,FALSE) -> 20000 | H16: =F16*G16 -> 200000
F18: Total yang Diterima | H18: =H16 -> 200000
B20: Mengetahui, | H20: Penerima
B24: Aulia Rahmad, S.E.
B25: Kepala SPPG
D28: SPPG Kota Banda Aceh Banda Raya Lam Ara
D29: Yayasan Teungku Chik Dibitai
D30: Jl. Wedana, Lr. Nekku, No. 21, Desa Lam Ara, Kec. Banda Raya, Kota Banda Aceh
B32: BUKTI PENERIMAAN INSENTIF GURU
B33: =VLOOKUP(K$6,Dashboard!A$2:H$15,4,0)&"/SPPG/INS/"& VLOOKUP(K6,Dashboard!A$2:H$15,5,TRUE)&"/2026" -> 029/SPPG/INS/IV/2026
B35: DATA PENERIMA
B36: Nama Guru | D36: :
B37: Nama Sekolah | D37: : | E37: =VLOOKUP(K$6,Dashboard!A2:H15,2, 0) -> TK Be A Star Islamic Banda Aceh
B38: Periode | D38: : | E38: =VLOOKUP(K$6,Dashboard!A2:H15,6, 0) -> 13 April s.d 25 April 2026
B40: RINCIAN PENERIMAAN
B41: No | C41: Keterangan | F41: Jumlah Hari | G41: Insentif Per Hari (Rp) | H41: Total (Rp)
B42: 1 | C42: =Dashboard!A1 -> Insentif Periode 8 | F42: =VLOOKUP(K$6, Dashboard!A2:H15,7,FALSE) -> 10 | G42: =VLOOKUP(K$6,Dashboard!A2:H15,8,FALSE) -> 20000 | H42: =F42*G42 -> 200000
F44: Total yang Diterima | H44: =H42 -> 200000
B46: Mengetahui, | H46: Penerima
B50: Aulia Rahmad, S.E.
B51: Kepala SPPG

Sheet Sekolah (5)
D2: SPPG Kota Banda Aceh Banda Raya Lam Ara
D3: Yayasan Teungku Chik Dibitai
D4: Jl. Wedana, Lr. Nekku, No. 21, Desa Lam Ara, Kec. Banda Raya, Kota Banda Aceh
B6: BUKTI PENERIMAAN INSENTIF GURU | K6: 5
B7: =VLOOKUP(K$6,Dashboard!A$2:H$15,4,0)&"/SPPG/INS/"& VLOOKUP(K6,Dashboard!A$2:H$15,5,TRUE)&"/2026" -> 030/SPPG/INS/IV/2026
B9: DATA PENERIMA
B10: Nama Guru | D10: :
B11: Nama Sekolah | D11: : | E11: =VLOOKUP(K$6,Dashboard!A2:H15,2, 0) -> TK My Dream School Banda Aceh
B12: Periode | D12: : | E12: =VLOOKUP(K$6,Dashboard!A2:H15,6, 0) -> 13 April s.d 25 April 2026
B14: RINCIAN PENERIMAAN
B15: No | C15: Keterangan | F15: Jumlah Hari | G15: Insentif Per Hari (Rp) | H15: Total (Rp)
B16: 1 | C16: =Dashboard!A1 -> Insentif Periode 8 | F16: =VLOOKUP(K$6, Dashboard!A2:H15,7,FALSE) -> 10 | G16: =VLOOKUP(K$6,Dashboard!A2:H15,8,FALSE) -> 20000 | H16: =F16*G16 -> 200000
F18: Total yang Diterima | H18: =H16 -> 200000
B20: Mengetahui, | H20: Penerima
B24: Aulia Rahmad, S.E.
B25: Kepala SPPG
D28: SPPG Kota Banda Aceh Banda Raya Lam Ara
D29: Yayasan Teungku Chik Dibitai
D30: Jl. Wedana, Lr. Nekku, No. 21, Desa Lam Ara, Kec. Banda Raya, Kota Banda Aceh
B32: BUKTI PENERIMAAN INSENTIF GURU
B33: =VLOOKUP(K$6,Dashboard!A$2:H$15,4,0)&"/SPPG/INS/"& VLOOKUP(K6,Dashboard!A$2:H$15,5,TRUE)&"/2026" -> 030/SPPG/INS/IV/2026
B35: DATA PENERIMA
B36: Nama Guru | D36: :
B37: Nama Sekolah | D37: : | E37: =VLOOKUP(K$6,Dashboard!A2:H15,2, 0) -> TK My Dream School Banda Aceh
B38: Periode | D38: : | E38: =VLOOKUP(K$6,Dashboard!A2:H15,6, 0) -> 13 April s.d 25 April 2026
B40: RINCIAN PENERIMAAN
B41: No | C41: Keterangan | F41: Jumlah Hari | G41: Insentif Per Hari (Rp) | H41: Total (Rp)
B42: 1 | C42: =Dashboard!A1 -> Insentif Periode 8 | F42: =VLOOKUP(K$6, Dashboard!A2:H15,7,FALSE) -> 10 | G42: =VLOOKUP(K$6,Dashboard!A2:H15,8,FALSE) -> 20000 | H42: =F42*G42 -> 200000
F44: Total yang Diterima | H44: =H42 -> 200000
B46: Mengetahui, | H46: Penerima
B50: Aulia Rahmad, S.E.
B51: Kepala SPPG

Sheet Sekolah (6)
D2: SPPG Kota Banda Aceh Banda Raya Lam Ara
D3: Yayasan Teungku Chik Dibitai
D4: Jl. Wedana, Lr. Nekku, No. 21, Desa Lam Ara, Kec. Banda Raya, Kota Banda Aceh
B6: BUKTI PENERIMAAN INSENTIF GURU | K6: 6
B7: =VLOOKUP(K$6,Dashboard!A$2:H$15,4,0)&"/SPPG/INS/"& VLOOKUP(K6,Dashboard!A$2:H$15,5,TRUE)&"/2026" -> 031/SPPG/INS/IV/2026
B9: DATA PENERIMA
B10: Nama Guru | D10: :
B11: Nama Sekolah | D11: : | E11: =VLOOKUP(K$6,Dashboard!A2:H15,2, 0) -> SPS Aneuk Lon Gaseh Banda Aceh
B12: Periode | D12: : | E12: =VLOOKUP(K$6,Dashboard!A2:H15,6, 0) -> 13 April s.d 25 April 2026
B14: RINCIAN PENERIMAAN
B15: No | C15: Keterangan | F15: Jumlah Hari | G15: Insentif Per Hari (Rp) | H15: Total (Rp)
B16: 1 | C16: =Dashboard!A1 -> Insentif Periode 8 | F16: =VLOOKUP(K$6, Dashboard!A2:H15,7,FALSE) -> 10 | G16: =VLOOKUP(K$6,Dashboard!A2:H15,8,FALSE) -> 20000 | H16: =F16*G16 -> 200000
F18: Total yang Diterima | H18: =H16 -> 200000
B20: Mengetahui, | H20: Penerima
B24: Aulia Rahmad, S.E.
B25: Kepala SPPG
D28: SPPG Kota Banda Aceh Banda Raya Lam Ara
D29: Yayasan Teungku Chik Dibitai
D30: Jl. Wedana, Lr. Nekku, No. 21, Desa Lam Ara, Kec. Banda Raya, Kota Banda Aceh
B32: BUKTI PENERIMAAN INSENTIF GURU
B33: =VLOOKUP(K$6,Dashboard!A$2:H$15,4,0)&"/SPPG/INS/"& VLOOKUP(K6,Dashboard!A$2:H$15,5,TRUE)&"/2026" -> 031/SPPG/INS/IV/2026
B35: DATA PENERIMA
B36: Nama Guru | D36: :
B37: Nama Sekolah | D37: : | E37: =VLOOKUP(K$6,Dashboard!A2:H15,2, 0) -> SPS Aneuk Lon Gaseh Banda Aceh
B38: Periode | D38: : | E38: =VLOOKUP(K$6,Dashboard!A2:H15,6, 0) -> 13 April s.d 25 April 2026
B40: RINCIAN PENERIMAAN
B41: No | C41: Keterangan | F41: Jumlah Hari | G41: Insentif Per Hari (Rp) | H41: Total (Rp)
B42: 1 | C42: =Dashboard!A1 -> Insentif Periode 8 | F42: =VLOOKUP(K$6, Dashboard!A2:H15,7,FALSE) -> 10 | G42: =VLOOKUP(K$6,Dashboard!A2:H15,8,FALSE) -> 20000 | H42: =F42*G42 -> 200000
F44: Total yang Diterima | H44: =H42 -> 200000
B46: Mengetahui, | H46: Penerima
B50: Aulia Rahmad, S.E.
B51: Kepala SPPG

Sheet Sekolah (7)
D2: SPPG Kota Banda Aceh Banda Raya Lam Ara
D3: Yayasan Teungku Chik Dibitai
D4: Jl. Wedana, Lr. Nekku, No. 21, Desa Lam Ara, Kec. Banda Raya, Kota Banda Aceh
B6: BUKTI PENERIMAAN INSENTIF GURU | K6: 7
B7: =VLOOKUP(K$6,Dashboard!A$2:H$15,4,0)&"/SPPG/INS/"& VLOOKUP(K6,Dashboard!A$2:H$15,5,TRUE)&"/2026" -> 032/SPPG/INS/IV/2026
B9: DATA PENERIMA
B10: Nama Guru | D10: :
B11: Nama Sekolah | D11: : | E11: =VLOOKUP(K$6,Dashboard!A2:H15,2, 0) -> SPS Bohate Poma
B12: Periode | D12: : | E12: =VLOOKUP(K$6,Dashboard!A2:H15,6, 0) -> 13 April s.d 25 April 2026
B14: RINCIAN PENERIMAAN
B15: No | C15: Keterangan | F15: Jumlah Hari | G15: Insentif Per Hari (Rp) | H15: Total (Rp)
B16: 1 | C16: =Dashboard!A1 -> Insentif Periode 8 | F16: =VLOOKUP(K$6, Dashboard!A2:H15,7,FALSE) -> 10 | G16: =VLOOKUP(K$6,Dashboard!A2:H15,8,FALSE) -> 20000 | H16: =F16*G16 -> 200000
F18: Total yang Diterima | H18: =H16 -> 200000
B20: Mengetahui, | H20: Penerima
B24: Aulia Rahmad, S.E.
B25: Kepala SPPG
D28: SPPG Kota Banda Aceh Banda Raya Lam Ara
D29: Yayasan Teungku Chik Dibitai
D30: Jl. Wedana, Lr. Nekku, No. 21, Desa Lam Ara, Kec. Banda Raya, Kota Banda Aceh
B32: BUKTI PENERIMAAN INSENTIF GURU
B33: =VLOOKUP(K$6,Dashboard!A$2:H$15,4,0)&"/SPPG/INS/"& VLOOKUP(K6,Dashboard!A$2:H$15,5,TRUE)&"/2026" -> 032/SPPG/INS/IV/2026
B35: DATA PENERIMA
B36: Nama Guru | D36: :
B37: Nama Sekolah | D37: : | E37: =VLOOKUP(K$6,Dashboard!A2:H15,2, 0) -> SPS Bohate Poma
B38: Periode | D38: : | E38: =VLOOKUP(K$6,Dashboard!A2:H15,6, 0) -> 13 April s.d 25 April 2026
B40: RINCIAN PENERIMAAN
B41: No | C41: Keterangan | F41: Jumlah Hari | G41: Insentif Per Hari (Rp) | H41: Total (Rp)
B42: 1 | C42: =Dashboard!A1 -> Insentif Periode 8 | F42: =VLOOKUP(K$6, Dashboard!A2:H15,7,FALSE) -> 10 | G42: =VLOOKUP(K$6,Dashboard!A2:H15,8,FALSE) -> 20000 | H42: =F42*G42 -> 200000
F44: Total yang Diterima | H44: =H42 -> 200000
B46: Mengetahui, | H46: Penerima
B50: Aulia Rahmad, S.E.
B51: Kepala SPPG

Sheet Sekolah (8)
D2: SPPG Kota Banda Aceh Banda Raya Lam Ara
D3: Yayasan Teungku Chik Dibitai
D4: Jl. Wedana, Lr. Nekku, No. 21, Desa Lam Ara, Kec. Banda Raya, Kota Banda Aceh
B6: BUKTI PENERIMAAN INSENTIF GURU | K6: 8
B7: =VLOOKUP(K$6,Dashboard!A$2:H$15,4,0)&"/SPPG/INS/"& VLOOKUP(K6,Dashboard!A$2:H$15,5,TRUE)&"/2026" -> 033/SPPG/INS/IV/2026
B9: DATA PENERIMA
B10: Nama Guru | D10: :
B11: Nama Sekolah | D11: : | E11: =VLOOKUP(K$6,Dashboard!A2:H15,2, 0) -> PAUD Permata Ummi
B12: Periode | D12: : | E12: =VLOOKUP(K$6,Dashboard!A2:H15,6, 0) -> 13 April s.d 25 April 2026
B14: RINCIAN PENERIMAAN
B15: No | C15: Keterangan | F15: Jumlah Hari | G15: Insentif Per Hari (Rp) | H15: Total (Rp)
B16: 1 | C16: =Dashboard!A1 -> Insentif Periode 8 | F16: =VLOOKUP(K$6, Dashboard!A2:H15,7,FALSE) -> 10 | G16: =VLOOKUP(K$6,Dashboard!A2:H15,8,FALSE) -> 20000 | H16: =F16*G16 -> 200000
F18: Total yang Diterima | H18: =H16 -> 200000
B20: Mengetahui, | H20: Penerima
B24: Aulia Rahmad, S.E.
B25: Kepala SPPG
D28: SPPG Kota Banda Aceh Banda Raya Lam Ara
D29: Yayasan Teungku Chik Dibitai
D30: Jl. Wedana, Lr. Nekku, No. 21, Desa Lam Ara, Kec. Banda Raya, Kota Banda Aceh
B32: BUKTI PENERIMAAN INSENTIF GURU
B33: =VLOOKUP(K$6,Dashboard!A$2:H$15,4,0)&"/SPPG/INS/"& VLOOKUP(K6,Dashboard!A$2:H$15,5,TRUE)&"/2026" -> 033/SPPG/INS/IV/2026
B35: DATA PENERIMA
B36: Nama Guru | D36: :
B37: Nama Sekolah | D37: : | E37: =VLOOKUP(K$6,Dashboard!A2:H15,2, 0) -> PAUD Permata Ummi
B38: Periode | D38: : | E38: =VLOOKUP(K$6,Dashboard!A2:H15,6, 0) -> 13 April s.d 25 April 2026
B40: RINCIAN PENERIMAAN
B41: No | C41: Keterangan | F41: Jumlah Hari | G41: Insentif Per Hari (Rp) | H41: Total (Rp)
B42: 1 | C42: =Dashboard!A1 -> Insentif Periode 8 | F42: =VLOOKUP(K$6, Dashboard!A2:H15,7,FALSE) -> 10 | G42: =VLOOKUP(K$6,Dashboard!A2:H15,8,FALSE) -> 20000 | H42: =F42*G42 -> 200000
F44: Total yang Diterima | H44: =H42 -> 200000
B46: Mengetahui, | H46: Penerima
B50: Aulia Rahmad, S.E.
B51: Kepala SPPG

Sheet Sekolah (9)
D2: SPPG Kota Banda Aceh Banda Raya Lam Ara
D3: Yayasan Teungku Chik Dibitai
D4: Jl. Wedana, Lr. Nekku, No. 21, Desa Lam Ara, Kec. Banda Raya, Kota Banda Aceh
B6: BUKTI PENERIMAAN INSENTIF GURU | K6: 9
B7: =VLOOKUP(K$6,Dashboard!A$2:H$15,4,0)&"/SPPG/INS/"& VLOOKUP(K6,Dashboard!A$2:H$15,5,TRUE)&"/2026" -> 034/SPPG/INS/IV/2026
B9: DATA PENERIMA
B10: Nama Guru | D10: :
B11: Nama Sekolah | D11: : | E11: =VLOOKUP(K$6,Dashboard!A2:H15,2, 0) -> SPS Saifa Bunda
B12: Periode | D12: : | E12: =VLOOKUP(K$6,Dashboard!A2:H15,6, 0) -> 13 April s.d 25 April 2026
B14: RINCIAN PENERIMAAN
B15: No | C15: Keterangan | F15: Jumlah Hari | G15: Insentif Per Hari (Rp) | H15: Total (Rp)
B16: 1 | C16: =Dashboard!A1 -> Insentif Periode 8 | F16: =VLOOKUP(K$6, Dashboard!A2:H15,7,FALSE) -> 10 | G16: =VLOOKUP(K$6,Dashboard!A2:H15,8,FALSE) -> 20000 | H16: =F16*G16 -> 200000
F18: Total yang Diterima | H18: =H16 -> 200000
B20: Mengetahui, | H20: Penerima
B24: Aulia Rahmad, S.E.
B25: Kepala SPPG
D28: SPPG Kota Banda Aceh Banda Raya Lam Ara
D29: Yayasan Teungku Chik Dibitai
D30: Jl. Wedana, Lr. Nekku, No. 21, Desa Lam Ara, Kec. Banda Raya, Kota Banda Aceh
B32: BUKTI PENERIMAAN INSENTIF GURU
B33: =VLOOKUP(K$6,Dashboard!A$2:H$15,4,0)&"/SPPG/INS/"& VLOOKUP(K6,Dashboard!A$2:H$15,5,TRUE)&"/2026" -> 034/SPPG/INS/IV/2026
B35: DATA PENERIMA
B36: Nama Guru | D36: :
B37: Nama Sekolah | D37: : | E37: =VLOOKUP(K$6,Dashboard!A2:H15,2, 0) -> SPS Saifa Bunda
B38: Periode | D38: : | E38: =VLOOKUP(K$6,Dashboard!A2:H15,6, 0) -> 13 April s.d 25 April 2026
B40: RINCIAN PENERIMAAN
B41: No | C41: Keterangan | F41: Jumlah Hari | G41: Insentif Per Hari (Rp) | H41: Total (Rp)
B42: 1 | C42: =Dashboard!A1 -> Insentif Periode 8 | F42: =VLOOKUP(K$6, Dashboard!A2:H15,7,FALSE) -> 10 | G42: =VLOOKUP(K$6,Dashboard!A2:H15,8,FALSE) -> 20000 | H42: =F42*G42 -> 200000
F44: Total yang Diterima | H44: =H42 -> 200000
B46: Mengetahui, | H46: Penerima
B50: Aulia Rahmad, S.E.
B51: Kepala SPPG

Sheet Posyandu (10)
D2: SPPG Kota Banda Aceh Banda Raya Lam Ara
D3: Yayasan Teungku Chik Dibitai
D4: Jl. Wedana, Lr. Nekku, No. 21, Desa Lam Ara, Kec. Banda Raya, Kota Banda Aceh
B6: BUKTI PENERIMAAN INSENTIF KADER | K6: 10
B7: =VLOOKUP(K$6,Dashboard!A$2:H$15,4,0)&"/SPPG/INS/"& VLOOKUP(K6,Dashboard!A$2:H$15,5,TRUE)&"/2026" -> 035/SPPG/INS/IV/2026
B9: DATA PENERIMA
B10: Nama Guru | D10: :
B11: Nama Sekolah | D11: : | E11: =VLOOKUP(K$6,Dashboard!A2:H15,2, 0) -> Posyandu Desa Lampeuot
B12: Periode | D12: : | E12: =VLOOKUP(K$6,Dashboard!A2:H15,6, 0) -> 13 April s.d 25 April 2026
B14: RINCIAN PENERIMAAN
B15: No | C15: Keterangan | F15: Jumlah Hari | G15: Insentif Per Hari (Rp) | H15: Total (Rp)
B16: 1 | C16: =Dashboard!A1 -> Insentif Periode 8 | F16: =VLOOKUP(K$6, Dashboard!A2:H15,7,FALSE) -> 11 | G16: =VLOOKUP(K$6,Dashboard!A2:H15,8,FALSE) -> 1000 | H16: =F16*G16*110 -> 1210000
F18: Total yang Diterima | H18: =H16 -> 1210000
B20: Mengetahui, | H20: Penerima
B24: Aulia Rahmad, S.E.
B25: Kepala SPPG
D28: SPPG Kota Banda Aceh Banda Raya Lam Ara
D29: Yayasan Teungku Chik Dibitai
D30: Jl. Wedana, Lr. Nekku, No. 21, Desa Lam Ara, Kec. Banda Raya, Kota Banda Aceh
B32: BUKTI PENERIMAAN INSENTIF KADER
B33: =VLOOKUP(K$6,Dashboard!A$2:H$15,4,0)&"/SPPG/INS/"& VLOOKUP(K6,Dashboard!A$2:H$15,5,TRUE)&"/2026" -> 035/SPPG/INS/IV/2026
B35: DATA PENERIMA
B36: Nama Guru | D36: :
B37: Nama Sekolah | D37: : | E37: =VLOOKUP(K$6,Dashboard!A2:H15,2, 0) -> Posyandu Desa Lampeuot
B38: Periode | D38: : | E38: =VLOOKUP(K$6,Dashboard!A2:H15,6, 0) -> 13 April s.d 25 April 2026
B40: RINCIAN PENERIMAAN
B41: No | C41: Keterangan | F41: Jumlah Hari | G41: Insentif Per Hari (Rp) | H41: Total (Rp)
B42: 1 | C42: =Dashboard!A1 -> Insentif Periode 8 | F42: =VLOOKUP(K$6, Dashboard!A2:H15,7,FALSE) -> 11 | G42: =VLOOKUP(K$6,Dashboard!A2:H15,8,FALSE) -> 1000 | H42: =F42*G42*110 -> 1210000
F44: Total yang Diterima | H44: =H42 -> 1210000
B46: Mengetahui, | H46: Penerima
B50: Aulia Rahmad, S.E.
B51: Kepala SPPG

Sheet Posyandu (11)
D2: SPPG Kota Banda Aceh Banda Raya Lam Ara
D3: Yayasan Teungku Chik Dibitai
D4: Jl. Wedana, Lr. Nekku, No. 21, Desa Lam Ara, Kec. Banda Raya, Kota Banda Aceh
B6: BUKTI PENERIMAAN INSENTIF KADER | K6: 11
B7: =VLOOKUP(K$6,Dashboard!A$2:H$15,4,0)&"/SPPG/INS/"& VLOOKUP(K6,Dashboard!A$2:H$15,5,TRUE)&"/2026" -> 036/SPPG/INS/IV/2026
B9: DATA PENERIMA
B10: Nama Guru | D10: :
B11: Nama Sekolah | D11: : | E11: =VLOOKUP(K$6,Dashboard!A2:H15,2, 0) -> Posyandu Desa Lam Ara
B12: Periode | D12: : | E12: =VLOOKUP(K$6,Dashboard!A2:H15,6, 0) -> 13 April s.d 25 April 2026
B14: RINCIAN PENERIMAAN
B15: No | C15: Keterangan | F15: Jumlah Hari | G15: Insentif Per Hari (Rp) | H15: Total (Rp)
B16: 1 | C16: =Dashboard!A1 -> Insentif Periode 8 | F16: =VLOOKUP(K$6, Dashboard!A2:H15,7,FALSE) -> 11 | G16: =VLOOKUP(K$6,Dashboard!A2:H15,8,FALSE) -> 1000 | H16: =F16*G16*187 -> 2057000
F18: Total yang Diterima | H18: =H16 -> 2057000
B20: Mengetahui, | H20: Penerima
B24: Aulia Rahmad, S.E.
B25: Kepala SPPG
D28: SPPG Kota Banda Aceh Banda Raya Lam Ara
D29: Yayasan Teungku Chik Dibitai
D30: Jl. Wedana, Lr. Nekku, No. 21, Desa Lam Ara, Kec. Banda Raya, Kota Banda Aceh
B32: BUKTI PENERIMAAN INSENTIF KADER
B33: =VLOOKUP(K$6,Dashboard!A$2:H$15,4,0)&"/SPPG/INS/"& VLOOKUP(K6,Dashboard!A$2:H$15,5,TRUE)&"/2026" -> 036/SPPG/INS/IV/2026
B35: DATA PENERIMA
B36: Nama Guru | D36: :
B37: Nama Sekolah | D37: : | E37: =VLOOKUP(K$6,Dashboard!A2:H15,2, 0) -> Posyandu Desa Lam Ara
B38: Periode | D38: : | E38: =VLOOKUP(K$6,Dashboard!A2:H15,6, 0) -> 13 April s.d 25 April 2026
B40: RINCIAN PENERIMAAN
B41: No | C41: Keterangan | F41: Jumlah Hari | G41: Insentif Per Hari (Rp) | H41: Total (Rp)
B42: 1 | C42: =Dashboard!A1 -> Insentif Periode 8 | F42: =VLOOKUP(K$6, Dashboard!A2:H15,7,FALSE) -> 11 | G42: =VLOOKUP(K$6,Dashboard!A2:H15,8,FALSE) -> 1000 | H42: =F42*G42*187 -> 2057000
F44: Total yang Diterima | H44: =H42 -> 2057000
B46: Mengetahui, | H46: Penerima
B50: Aulia Rahmad, S.E.
B51: Kepala SPPG

Sheet Posyandu (12)
D2: SPPG Kota Banda Aceh Banda Raya Lam Ara
D3: Yayasan Teungku Chik Dibitai
D4: Jl. Wedana, Lr. Nekku, No. 21, Desa Lam Ara, Kec. Banda Raya, Kota Banda Aceh
B6: BUKTI PENERIMAAN INSENTIF KADER | K6: 12
B7: =VLOOKUP(K$6,Dashboard!A$2:H$15,4,0)&"/SPPG/INS/"& VLOOKUP(K6,Dashboard!A$2:H$15,5,TRUE)&"/2026" -> 037/SPPG/INS/IV/2026
B9: DATA PENERIMA
B10: Nama Guru | D10: :
B11: Nama Sekolah | D11: : | E11: =VLOOKUP(K$6,Dashboard!A2:H15,2, 0) -> Posyandu Desa Geuceu Kaye Jato
B12: Periode | D12: : | E12: =VLOOKUP(K$6,Dashboard!A2:H15,6, 0) -> 13 April s.d 25 April 2026
B14: RINCIAN PENERIMAAN
B15: No | C15: Keterangan | F15: Jumlah Hari | G15: Insentif Per Hari (Rp) | H15: Total (Rp)
B16: 1 | C16: =Dashboard!A1 -> Insentif Periode 8 | F16: =VLOOKUP(K$6, Dashboard!A2:H15,7,FALSE) -> 11 | G16: =VLOOKUP(K$6,Dashboard!A2:H15,8,FALSE) -> 1000 | H16: =F16*G16*118 -> 1298000
F18: Total yang Diterima | H18: =H16 -> 1298000
B20: Mengetahui, | H20: Penerima
B24: Aulia Rahmad, S.E.
B25: Kepala SPPG
D28: SPPG Kota Banda Aceh Banda Raya Lam Ara
D29: Yayasan Teungku Chik Dibitai
D30: Jl. Wedana, Lr. Nekku, No. 21, Desa Lam Ara, Kec. Banda Raya, Kota Banda Aceh
B32: BUKTI PENERIMAAN INSENTIF KADER
B33: =VLOOKUP(K$6,Dashboard!A$2:H$15,4,0)&"/SPPG/INS/"& VLOOKUP(K6,Dashboard!A$2:H$15,5,TRUE)&"/2026" -> 037/SPPG/INS/IV/2026
B35: DATA PENERIMA
B36: Nama Guru | D36: :
B37: Nama Sekolah | D37: : | E37: =VLOOKUP(K$6,Dashboard!A2:H15,2, 0) -> Posyandu Desa Geuceu Kaye Jato
B38: Periode | D38: : | E38: =VLOOKUP(K$6,Dashboard!A2:H15,6, 0) -> 13 April s.d 25 April 2026
B40: RINCIAN PENERIMAAN
B41: No | C41: Keterangan | F41: Jumlah Hari | G41: Insentif Per Hari (Rp) | H41: Total (Rp)
B42: 1 | C42: =Dashboard!A1 -> Insentif Periode 8 | F42: =VLOOKUP(K$6, Dashboard!A2:H15,7,FALSE) -> 11 | G42: =VLOOKUP(K$6,Dashboard!A2:H15,8,FALSE) -> 1000 | H42: =F42*G42*118 -> 1298000
F44: Total yang Diterima | H44: =H42 -> 1298000
B46: Mengetahui, | H46: Penerima
B50: Aulia Rahmad, S.E.
B51: Kepala SPPG

Sheet Posyandu (13)
D2: SPPG Kota Banda Aceh Banda Raya Lam Ara
D3: Yayasan Teungku Chik Dibitai
D4: Jl. Wedana, Lr. Nekku, No. 21, Desa Lam Ara, Kec. Banda Raya, Kota Banda Aceh
B6: BUKTI PENERIMAAN INSENTIF KADER | K6: 13
B7: =VLOOKUP(K$6,Dashboard!A$2:H$15,4,0)&"/SPPG/INS/"& VLOOKUP(K6,Dashboard!A$2:H$15,5,TRUE)&"/2026" -> 038/SPPG/INS/IV/2026
B9: DATA PENERIMA
B10: Nama Guru | D10: :
B11: Nama Sekolah | D11: : | E11: =VLOOKUP(K$6,Dashboard!A2:H15,2, 0) -> Posyandu Desa Geuceu Komplek
B12: Periode | D12: : | E12: =VLOOKUP(K$6,Dashboard!A2:H15,6, 0) -> 13 April s.d 25 April 2026
B14: RINCIAN PENERIMAAN
B15: No | C15: Keterangan | F15: Jumlah Hari | G15: Insentif Per Hari (Rp) | H15: Total (Rp)
B16: 1 | C16: =Dashboard!A1 -> Insentif Periode 8 | F16: =VLOOKUP(K$6, Dashboard!A2:H15,7,FALSE) -> 11 | G16: =VLOOKUP(K$6,Dashboard!A2:H15,8,FALSE) -> 1000 | H16: =F16*G16*211 -> 2321000
F18: Total yang Diterima | H18: =H16 -> 2321000
B20: Mengetahui, | H20: Penerima
B24: Aulia Rahmad, S.E.
B25: Kepala SPPG
D28: SPPG Kota Banda Aceh Banda Raya Lam Ara
D29: Yayasan Teungku Chik Dibitai
D30: Jl. Wedana, Lr. Nekku, No. 21, Desa Lam Ara, Kec. Banda Raya, Kota Banda Aceh
B32: BUKTI PENERIMAAN INSENTIF KADER
B33: =VLOOKUP(K$6,Dashboard!A$2:H$15,4,0)&"/SPPG/INS/"& VLOOKUP(K6,Dashboard!A$2:H$15,5,TRUE)&"/2026" -> 038/SPPG/INS/IV/2026
B35: DATA PENERIMA
B36: Nama Guru | D36: :
B37: Nama Sekolah | D37: : | E37: =VLOOKUP(K$6,Dashboard!A2:H15,2, 0) -> Posyandu Desa Geuceu Komplek
B38: Periode | D38: : | E38: =VLOOKUP(K$6,Dashboard!A2:H15,6, 0) -> 13 April s.d 25 April 2026
B40: RINCIAN PENERIMAAN
B41: No | C41: Keterangan | F41: Jumlah Hari | G41: Insentif Per Hari (Rp) | H41: Total (Rp)
B42: 1 | C42: =Dashboard!A1 -> Insentif Periode 8 | F42: =VLOOKUP(K$6, Dashboard!A2:H15,7,FALSE) -> 11 | G42: =VLOOKUP(K$6,Dashboard!A2:H15,8,FALSE) -> 1000 | H42: =F42*G42*211 -> 2321000
F44: Total yang Diterima | H44: =H42 -> 2321000
B46: Mengetahui, | H46: Penerima
B50: Aulia Rahmad, S.E.
B51: Kepala SPPG
